RFP_ID,Status,Account_Name,Event_Name,Event_Type,Event_Format,Event_Configuration,Market_Segment,Organization_Industry,Lead_Source,Client_Priority,Inquiry_Date,Decision_Date,Decision_Days,Arrival_Date,Departure_Date,Nights,Lead_Time,Peak_Room_Block,Total_Room_Nights_Requested,Attendees,Has_Meeting_Space,Meeting_Spaces,Has_FnB_Requirements,Has_Special_Requirements,Response_Due_Days,Budget_Provided,Budget_Amount,Destinations_Considered,Forecasted_Occupancy,Baseline_ADR,Quoted_ADR,Proposed_Room_Revenue,Proposed_Meeting_Revenue,Proposed_FnB_Revenue,Proposed_Total_Revenue,Actual_Room_Nights,Actual_Room_Revenue,Actual_Meeting_Revenue,Actual_FnB_Revenue,Actual_Total_Revenue,Actual_Pickup_Rate,Actual_FnB_Per_Person,Lost_Reason,Year,Month,Num_Room_Types,Pct_Standard_Rooms,Pct_Premium_Rooms,Has_Suites,Rate_Spread,Min_Room_Rate,Max_Room_Rate,Suite_Rate,Standard_Rate,Peak_Night_Index,Night_Variance_Pct,Rooms_Night_1,Rooms_Night_2,Rooms_Night_3,Rooms_Night_4,Num_Meeting_Rooms,Num_Sessions,Num_Meeting_Days,Total_Meeting_Hours,Uses_Ballroom,Uses_Boardroom,Num_Setup_Styles,Primary_Setup,Max_AV_Level,Has_Premium_AV,Avg_AV_Level,Total_Room_Rental,Total_AV_Cost,Total_Session_FnB,Total_Meeting_Cost,Num_FnB_Types,Has_Dinner,Has_Reception,Has_Evening_Session,Full_Day_Pct,Avg_Room_Utilization
B-10000,Booked,Ohio Medical Association,Member Education Symposium,Association,In-person,Full Package,Healthcare,Government,Repeat Client,High,2026-01-24,2026-02-12,15,2026-04-13,2026-04-16,3,79,90,218,172,1,Breakout Room,1,1,16,0,0.0,2,0.73,200.26,175,38150,5001.1,38568.99,81720.09,177,30975,5080.52,38011.9,74067.42,0.82,74.75,,2026,4,3,56.7,43.3,0,94.82,148.75,201.25,271.25,175,1,8.0,72,74,69,0,1,3,3,16,0,0,2,Boardroom,2,1,2.69,4264.87,736.23,11570.7,5001.1,1,0,0,1,40.1,0.58
B-10001,Booked,Ohio Dental Association,Member Education Symposium,Association,Virtual,Rooms Only,Healthcare,Government,Third-Party Planner,Low,2025-11-09,2025-12-05,9,2026-05-04,2026-05-07,3,176,110,262,225,1,Boardroom,1,1,17,1,243637.24,1,0.84,198.68,168,44016,8558.76,61825.02,114399.78,229,38472,8008.32,60283.09,106763.41,0.87,91.59,,2026,5,3,68.0,32.0,1,109.17,142.8,193.2,260.4,168,2,1.7,85,83,85,0,4,5,3,16,0,0,3,Reception,3,0,2.02,7200.24,1358.52,18547.5,8558.76,1,1,0,0,37.4,0.61
B-10002,Booked,WP Engine Corporate Events,Staff Development Program,Corporate,Hybrid,Rooms Only,Technology,Finance,Third-Party Planner,Medium,2025-12-10,2026-01-08,16,2026-05-18,2026-05-21,3,159,75,165,157,1,Breakout Room,1,1,16,1,129326.95,2,0.84,186.47,192,31680,5042.59,20720.99,57443.58,131,25152,4356.0,21304.92,50812.93,0.8,43.99,,2026,5,1,51.6,48.4,0,92.95,163.2,220.8,297.6,192,1,8.8,72,64,60,0,2,2,3,10,0,1,1,U-Shape,2,0,2.81,2886.57,2156.02,6216.3,5042.59,3,0,0,1,66.9,0.64
B-10003,Booked,Nationwide Insurance Training,QNationwide Sales Kickoff,Corporate,In-person,Meeting + F&B,Finance,Healthcare,Direct Inquiry,Medium,2026-03-24,2026-04-14,14,2026-06-08,2026-06-11,3,76,65,170,133,1,Boardroom,1,0,19,0,0.0,5,0.7,171.6,179,30430,9186.61,31710.83,71327.44,134,23986,9148.17,31774.55,64908.71,0.79,79.48,,2026,6,1,74.2,25.8,0,54.97,152.15,205.85,277.45,179,2,7.2,51,57,51,0,4,8,3,31,0,1,1,Classroom,4,0,2.97,7998.89,1187.72,9513.25,9186.61,3,1,1,1,69.7,0.84
B-10004,Booked,CoverMyMeds Staff Programs,Staff Development Program,Corporate,Virtual,Full Package,Technology,Healthcare,Third-Party Planner,High,2026-01-13,2026-02-07,26,2026-06-22,2026-06-24,2,160,45,89,83,1,Multi-Room,1,0,7,1,154349.92,3,0.68,180.78,185,16465,3151.5,14574.68,34191.18,80,14800,2778.0,15860.66,33438.66,0.91,87.8,,2026,6,2,55.1,44.9,1,61.48,157.25,212.75,286.75,185,2,2.0,38,44,0,0,1,7,2,25,0,0,1,Classroom,1,1,2.24,2894.33,257.17,4372.4,3151.5,5,0,0,0,50.6,0.6
B-10005,Booked,SHRM Columbus Chapter,Regional Chapter Meeting,Association,Virtual,Full Package,Professional Services,Finance,RFP,High,2026-03-31,2026-04-28,27,2026-07-13,2026-07-16,3,104,55,133,113,1,Multi-Room,1,1,21,1,0.0,1,0.72,182.55,162,21546,14868.84,12143.46,48558.3,119,19278,13528.8,12131.52,44938.32,0.9,35.82,,2026,7,1,65.9,34.1,1,43.97,137.7,186.3,251.1,162,2,11.6,43,45,44,0,3,7,3,22,0,0,2,U-Shape,4,0,1.22,11307.14,3561.7,3643.04,14868.84,2,0,1,0,43.0,0.57
B-10006,Booked,Vertex Pharmaceuticals,Regional Manager Training,Corporate,Hybrid,Meeting + F&B,Pharmaceutical,Finance,Referral,High,2026-04-19,2026-05-18,10,2026-08-03,2026-08-05,2,106,40,61,78,1,Full Ballroom,1,1,6,1,0.0,4,0.72,187.98,188,11468,12205.38,15626.44,39299.82,42,7896,12644.48,16554.36,37094.84,0.7,100.17,,2026,8,2,57.6,42.4,0,60.06,159.8,216.2,291.4,188,1,6.0,38,38,0,0,3,4,2,10,1,1,2,Boardroom,3,1,2.36,8952.98,3252.4,4687.93,12205.38,5,1,0,0,87.7,0.65
B-10007,Booked,American Bankers Conference,Regional Chapter Meeting,Association,Hybrid,Rooms Only,Finance,Manufacturing,Website,Medium,2026-05-03,2026-06-02,16,2026-09-14,2026-09-17,3,134,95,208,125,1,Breakout Room,1,1,18,1,0.0,3,0.87,186.85,195,40560,17830.0,35828.15,94218.16,151,29445,17683.03,28680.7,75808.73,0.73,95.54,,2026,9,3,53.2,46.8,1,99.84,165.75,224.25,302.25,195,2,10.2,72,87,79,0,4,3,3,25,0,0,1,Reception,3,1,1.42,14984.31,2845.69,10748.45,17830.0,5,1,1,1,44.2,0.64
B-10008,Booked,Verizon Enterprise Team,Strategic Planning Retreat,Corporate,Hybrid,Full Package,Technology,Technology,Third-Party Planner,Low,2026-05-31,2026-06-19,14,2026-09-28,2026-10-01,3,120,80,188,172,1,Multi-Room,0,0,5,0,78145.05,5,0.85,198.97,198,37224,8232.68,0,45456.68,139,27522,8325.81,0.0,35847.81,0.74,0,,2026,9,2,51.3,48.7,0,122.57,168.3,227.7,306.9,198,1,6.8,77,71,74,0,3,8,3,35,0,0,3,Reception,3,1,2.23,4776.68,3456.0,0.0,8232.68,0,1,1,0,74.4,0.74
B-10009,Booked,IEEE Central Ohio,Member Education Symposium,Association,In-person,Rooms Only,Technology,Legal,Referral,Medium,2026-07-04,2026-07-23,25,2026-10-05,2026-10-08,3,93,100,234,200,1,Boardroom,1,0,17,1,0.0,3,0.84,188.31,182,42588,5261.59,38118.05,85967.64,174,31668,5040.76,32076.81,68785.57,0.75,63.53,,2026,10,2,68.8,31.2,1,88.44,154.7,209.3,282.1,182,3,8.2,85,88,85,0,2,6,3,20,0,0,2,Reception,4,1,1.06,4706.62,554.97,11435.42,5261.59,3,1,0,1,92.0,0.94
B-10010,Booked,Cardinal Health Learning Center,Regional Manager Training,Corporate,Hybrid,Day Meeting Only,Healthcare,Professional Services,RFP,Medium,2026-06-13,2026-07-10,9,2026-10-19,2026-10-22,3,128,70,187,103,0,,0,0,5,0,0.0,1,0.72,198.28,187,34969,0,0,34969,142,26554,0.0,0.0,26554.0,0.76,0,,2026,10,3,53.8,46.2,0,82.62,158.95,215.05,289.85,187,1,8.5,60,65,53,0,0,0,0,0,0,0,3,Theater,3,1,1.34,0.0,0,0.0,0,0,0,0,1,10.8,0.56
B-10011,Booked,Ohio State Bar Foundation,Annual Conference,Association,Virtual,Meeting + F&B,Legal,Healthcare,Repeat Client,Medium,2026-07-26,2026-08-17,10,2026-11-02,2026-11-05,3,99,85,207,177,1,Half Ballroom,0,1,16,1,125807.17,5,0.81,199.26,172,35604,4717.38,0,40321.38,177,30444,4294.31,0.0,34738.31,0.86,0,,2026,11,3,56.8,43.2,1,81.84,146.2,197.8,266.6,172,3,8.9,77,65,77,0,1,4,3,21,1,1,1,Reception,3,1,1.49,3686.81,1030.57,0.0,4717.38,0,1,1,1,2.9,0.89
B-10012,Booked,AAA Ohio Corp Training,QAAA Sales Kickoff,Corporate,In-person,Day Meeting Only,Finance,Pharmaceutical,Website,Medium,2026-08-25,2026-09-22,25,2026-11-16,2026-11-18,2,83,50,87,71,1,Multi-Room,0,1,20,1,0.0,5,0.8,199.66,169,14703,2637.61,0,17340.61,67,11323,2534.84,0.0,13857.84,0.77,0,,2026,11,2,58.8,41.2,1,64.38,143.65,194.35,261.95,169,2,3.5,41,42,0,0,1,7,2,18,0,0,3,Theater,2,0,1.43,2246.56,391.06,0.0,2637.61,0,1,1,1,98.1,0.88
B-10013,Booked,Charitable Arts Foundation,Awards Banquet,SMERF,In-person,Meeting + F&B,Government,Education,Referral,Medium,2026-09-01,2026-09-20,22,2026-12-07,2026-12-09,2,97,35,49,42,1,Breakout Room,1,0,6,0,0.0,5,0.57,166.47,155,7595,4281.38,4053.79,15930.17,44,6820,4059.51,4304.37,15183.88,0.91,48.26,,2026,12,2,52.1,47.9,0,50.66,131.75,178.25,240.25,155,2,9.1,28,33,0,0,1,8,2,20,0,1,2,Theater,4,1,1.59,3528.03,753.36,1216.14,4281.38,5,1,1,0,61.0,0.85
B-10014,Booked,Midwestern Financial Group,Staff Development Program,Corporate,Virtual,Meeting + F&B,Finance,Pharmaceutical,Direct Inquiry,Medium,2026-08-08,2026-09-04,11,2027-01-12,2027-01-15,3,157,65,146,81,0,,1,1,9,0,0.0,3,0.56,157.5,162,23652,0,23656.09,47308.09,107,17334,0.0,23942.02,41276.02,0.74,97.35,,2027,1,3,68.7,31.3,1,79.52,137.7,186.3,251.1,162,2,10.3,59,63,55,0,0,0,0,0,0,0,2,U-Shape,4,1,1.16,0.0,0,7096.83,0,1,1,1,1,2.6,0.64
B-10015,Booked,Public Health Professionals Assoc,Professional Development Forum,Association,Hybrid,Day Meeting Only,Healthcare,Pharmaceutical,Direct Inquiry,Medium,2026-09-08,2026-10-06,19,2027-02-01,2027-02-04,3,146,75,221,126,1,Breakout Room,1,0,19,0,0.0,3,0.64,156.04,168,37128,4780.25,30782.09,72690.33,162,27216,5016.34,28650.9,60883.24,0.73,81.43,,2027,2,1,74.3,25.7,1,117.84,142.8,193.2,260.4,168,1,9.9,68,72,62,0,1,6,3,35,0,0,1,Banquet,3,1,2.25,4405.06,375.19,9234.63,4780.25,1,0,1,0,92.8,0.73
B-10016,Booked,Columbus Education Cooperative,Awards Gala,Association,Hybrid,Day Meeting Only,Education,Education,Repeat Client,Medium,2026-10-10,2026-10-19,15,2027-03-08,2027-03-11,3,149,90,246,93,1,Full Ballroom,1,1,15,1,92224.58,3,0.77,184.19,172,42312,11134.94,23283.12,76730.06,168,28896,11317.88,22107.61,62321.49,0.69,83.45,,2027,3,3,64.5,35.5,1,117.87,146.2,197.8,266.6,172,2,8.1,72,79,76,0,4,4,3,27,1,0,3,Reception,4,1,2.87,6365.91,4769.03,6984.93,11134.94,2,0,1,0,85.6,0.71
B-10017,Booked,Ohio Medical Association,Awards Gala,Association,Virtual,Day Meeting Only,Healthcare,Pharmaceutical,Direct Inquiry,Medium,2027-01-04,2027-01-31,9,2027-04-14,2027-04-17,3,100,100,283,184,1,Half Ballroom,1,1,17,1,225236.51,4,0.81,183.55,185,52355,22314.04,38562.41,113231.45,192,35520,22738.18,32003.47,90261.65,0.68,69.86,,2027,4,3,50.9,49.1,0,61.13,157.25,212.75,286.75,185,3,13.8,76,94,81,0,4,3,3,11,1,0,1,Classroom,1,1,1.33,21009.05,1304.99,11568.72,22314.04,3,0,0,1,79.6,0.67
B-10018,Booked,WP Engine Corporate Events,Strategic Planning Retreat,Corporate,In-person,Rooms Only,Technology,Technology,Referral,Low,2027-01-11,2027-02-01,16,2027-04-28,2027-05-01,3,107,80,180,103,1,Multi-Room,1,0,17,1,0.0,4,0.76,183.7,196,35280,16974.45,15458.45,67712.91,141,27636,15290.51,13550.85,56477.36,0.79,50.03,,2027,4,3,59.0,41.0,1,129.34,166.6,225.4,303.8,196,2,0.3,78,79,65,0,4,8,3,31,0,0,3,Reception,1,1,2.67,15211.13,1763.32,4637.54,16974.45,3,0,1,0,63.7,0.8
B-10019,Booked,Vertex Pharmaceuticals,Regional Manager Training,Corporate,Virtual,Meeting + F&B,Pharmaceutical,Finance,Direct Inquiry,Low,2026-12-17,2026-12-29,15,2027-05-12,2027-05-15,3,146,70,189,134,0,,1,1,14,1,133032.91,1,0.81,200.35,192,36288,0,15734.03,52022.03,167,32064,0.0,14309.44,46373.44,0.89,39.14,,2027,5,1,68.9,31.1,0,117.41,163.2,220.8,297.6,192,3,10.1,55,54,61,0,0,0,0,0,0,0,3,Reception,3,0,2.58,0.0,0,4720.21,0,1,1,0,1,36.9,0.85
B-10020,Booked,Ohio Dental Association,Awards Gala,Association,In-person,Rooms Only,Healthcare,Education,Website,Medium,2027-02-15,2027-03-06,21,2027-05-19,2027-05-22,3,93,85,196,168,0,,1,1,18,0,174082.82,4,0.78,197.56,178,34888,0,66075.34,100963.34,140,24920,0.0,69191.23,94111.23,0.72,131.1,,2027,5,3,60.2,39.8,1,42.94,151.3,204.7,275.9,178,2,3.3,70,74,65,0,0,0,0,0,0,0,1,Theater,3,0,2.96,0.0,0,19822.6,0,3,1,0,1,27.6,0.94
B-10021,Booked,Nationwide Insurance Training,QNationwide Sales Kickoff,Corporate,Hybrid,Rooms Only,Finance,Legal,Repeat Client,High,2026-12-21,2027-01-14,15,2027-06-07,2027-06-10,3,168,60,137,66,1,Full Ballroom,0,0,8,0,0.0,3,0.71,175.6,182,24934,4948.11,0,29882.11,112,20384,4273.79,0.0,24657.79,0.82,0,,2027,6,1,64.7,35.3,0,55.68,154.7,209.3,282.1,182,1,1.9,56,53,49,0,1,5,3,39,1,0,1,Classroom,4,1,2.56,4504.54,443.57,0.0,4948.11,0,0,1,0,94.5,0.57
B-10022,Booked,Verizon Enterprise Team,Staff Development Program,Corporate,Hybrid,Meeting + F&B,Technology,Education,Repeat Client,Medium,2027-02-04,2027-02-14,29,2027-07-14,2027-07-16,2,160,45,63,80,1,Boardroom,1,0,11,1,0.0,2,0.72,173.34,187,11781,13645.37,6834.64,32261.01,42,7854,13258.65,5602.39,26715.04,0.67,42.72,,2027,7,2,58.5,41.5,1,75.89,158.95,215.05,289.85,187,1,4.7,39,38,0,0,4,4,2,22,0,0,1,U-Shape,4,0,1.18,10884.29,2761.08,2050.39,13645.37,1,0,1,0,74.5,0.7
B-10023,Booked,SHRM Columbus Chapter,Awards Gala,Association,In-person,Rooms Only,Professional Services,Government,Direct Inquiry,Medium,2027-05-27,2027-06-06,15,2027-08-11,2027-08-14,3,76,55,143,93,1,Full Ballroom,1,0,18,0,174722.87,3,0.68,187.89,165,23595,14201.81,35195.76,72992.57,123,20295,14822.14,34496.17,69613.32,0.87,126.15,,2027,8,1,54.5,45.5,1,122.94,140.25,189.75,255.75,165,2,0.1,47,52,46,0,4,8,3,15,1,0,2,Boardroom,1,0,2.48,10740.45,3461.36,10558.73,14201.81,1,0,0,1,42.0,0.69
B-10024,Booked,American Bankers Conference,Member Education Symposium,Association,Virtual,Meeting + F&B,Finance,Healthcare,RFP,Medium,2027-05-31,2027-06-26,8,2027-09-15,2027-09-18,3,107,105,303,145,1,Multi-Room,1,0,11,1,198816.9,3,0.77,210.05,205,62115,4502.77,37407.6,104025.37,237,48585,4073.36,38398.26,91056.62,0.78,85.99,,2027,9,2,58.2,41.8,0,84.76,174.25,235.75,317.75,205,2,2.6,94,92,86,0,1,5,3,40,0,1,3,Boardroom,3,0,1.79,4030.67,472.1,11222.28,4502.77,1,1,0,1,92.1,0.89
B-10025,Booked,Cardinal Health Learning Center,Regional Manager Training,Corporate,Virtual,Day Meeting Only,Healthcare,Healthcare,Third-Party Planner,Medium,2027-05-12,2027-05-21,23,2027-09-22,2027-09-25,3,133,90,240,133,1,Boardroom,1,0,21,0,106862.56,2,0.79,196.12,198,47520,5629.91,33240.76,86390.67,205,40590,5192.86,30947.6,76730.46,0.86,83.31,,2027,9,1,52.6,47.4,1,57.75,168.3,227.7,306.9,198,3,2.3,76,74,75,0,1,8,3,10,0,0,3,Theater,4,1,2.51,5258.04,371.87,9972.23,5629.91,5,1,1,1,15.1,0.58
B-10026,Booked,IEEE Central Ohio,Annual Conference,Association,Virtual,Day Meeting Only,Technology,Manufacturing,Website,Low,2027-06-12,2027-06-22,17,2027-10-06,2027-10-09,3,116,110,238,215,1,Full Ballroom,1,0,21,0,0.0,4,0.82,193.74,190,45220,3235.77,88767.28,137223.06,161,30590,3134.87,81252.67,114977.54,0.68,137.62,,2027,10,2,63.1,36.9,0,72.75,161.5,218.5,294.5,190,2,5.8,87,99,96,0,1,8,3,27,1,0,1,Boardroom,3,0,1.66,2748.7,487.08,26630.19,3235.77,5,1,1,1,72.4,0.81
B-10027,Booked,CoverMyMeds Staff Programs,QCoverMyMeds Sales Kickoff,Corporate,Virtual,Full Package,Technology,Government,Third-Party Planner,Medium,2027-04-27,2027-05-14,22,2027-10-20,2027-10-23,3,176,75,163,88,1,Breakout Room,1,0,12,0,0.0,3,0.82,195.95,194,31622,18488.42,25734.54,75844.96,151,29294,16859.89,23495.74,69649.62,0.93,97.48,,2027,10,1,62.7,37.3,0,99.57,164.9,223.1,300.7,194,3,2.0,64,63,63,0,3,5,3,15,0,0,3,Boardroom,2,1,1.09,15792.98,2695.44,7720.36,18488.42,3,0,1,1,75.2,0.86
B-10028,Booked,Ohio State Bar Foundation,Annual Conference,Association,Hybrid,Day Meeting Only,Legal,Finance,RFP,High,2027-08-06,2027-08-15,12,2027-11-03,2027-11-06,3,89,80,228,109,1,Multi-Room,1,1,19,0,50176.99,2,0.81,203.24,178,40584,14483.31,29555.33,84622.64,214,38092,14677.07,30748.71,83517.78,0.94,90.38,,2027,11,2,72.1,27.9,0,77.34,151.3,204.7,275.9,178,2,7.5,78,74,70,0,4,3,3,30,0,1,2,U-Shape,2,0,1.64,12556.22,1927.09,8866.6,14483.31,1,1,0,0,3.8,0.92
B-10029,Booked,AAA Ohio Corp Training,AAA Annual Leadership Summit,Corporate,In-person,Full Package,Finance,Education,Third-Party Planner,Medium,2027-07-20,2027-08-11,26,2027-11-17,2027-11-19,2,120,55,100,64,1,Full Ballroom,0,0,21,0,94079.84,1,0.83,191.6,172,17200,1268.87,0,18468.87,93,15996,1233.05,0.0,17229.05,0.93,0,,2027,11,3,58.8,41.2,1,56.86,146.2,197.8,266.6,172,1,7.9,50,49,0,0,1,4,2,10,1,1,3,Reception,1,1,2.75,853.21,415.65,0.0,1268.87,0,0,1,1,25.4,0.56
B-10030,Booked,Dublin Community Awards,Awards Banquet,SMERF,In-person,Day Meeting Only,Government,Finance,Third-Party Planner,High,2027-07-01,2027-07-17,23,2027-12-08,2027-12-10,2,160,40,69,51,1,Half Ballroom,1,1,20,1,0.0,2,0.55,157.94,158,10902,2324.98,12463.41,25690.39,59,9322,2432.31,11759.97,23514.28,0.86,122.19,,2027,12,2,58.9,41.1,0,117.92,134.3,181.7,244.9,158,2,4.1,32,37,0,0,1,8,2,29,1,0,2,Banquet,4,1,1.68,1786.44,538.55,3739.02,2324.98,2,1,1,1,92.4,0.76
B-10031,Booked,Sports Booster Gala,Anniversary Celebration,Social,Hybrid,Day Meeting Only,Association,Technology,Direct Inquiry,Medium,2026-02-25,2026-03-04,11,2026-04-06,2026-04-07,1,40,42,37,58,1,Multi-Room,1,1,6,0,0.0,3,0.78,190.88,158.81,5876.03,5108.84,6456.3,17441.17,34,5399.59,4970.75,6007.47,16377.82,0.92,111.32,,2026,4,2,59.6,40.4,0,94.46,134.99,182.63,246.16,158.81,1,10.2,39,0,0,0,4,4,1,29,0,0,1,U-Shape,2,1,1.8,2533.21,2575.63,1936.89,5108.84,3,0,0,0,73.6,0.75
B-10032,Booked,Wedding – Liu/Bennett,Charity Fundraiser Gala,SMERF,Hybrid,Meeting + F&B,Government,Government,Website,High,2026-03-13,2026-04-05,14,2026-04-27,2026-04-29,2,45,50,74,86,0,,1,0,11,0,0.0,4,0.73,183.99,156.39,11573.05,0,24030.56,35603.61,66,10321.91,0.0,26336.83,36658.74,0.89,139.71,,2026,4,1,59.0,41.0,1,82.07,132.93,179.85,242.41,156.39,1,9.2,46,49,0,0,0,0,0,0,0,0,2,Classroom,4,1,2.05,0.0,0,7209.17,0,4,0,0,1,64.2,0.73
B-10033,Booked,Public Health Professionals Assoc,Family Reunion,Social,Hybrid,Full Package,Social,Government,Repeat Client,Low,2026-02-26,2026-03-21,27,2026-05-11,2026-05-14,3,74,48,140,103,0,,0,0,9,0,188539.21,5,0.72,166.73,147.54,20655.69,0,0,20655.69,97,14311.45,0.0,0.0,14311.45,0.7,0,,2026,5,2,71.1,28.9,0,114.27,125.41,169.67,228.69,147.54,1,1.2,43,42,37,0,0,0,0,0,0,0,3,Classroom,3,0,2.53,0.0,0,0.0,0,0,1,0,1,88.9,0.77
B-10034,Booked,Cybersecurity Professionals Network,Policy Roundtable,Government,Hybrid,Rooms Only,SMERF,Manufacturing,Repeat Client,High,2026-02-23,2026-03-21,20,2026-05-25,2026-05-28,3,91,34,81,62,0,,1,0,10,1,188648.25,2,0.66,198.53,176.62,14306.47,0,25806.1,40112.57,61,10774.01,0.0,26533.82,37307.83,0.75,138.74,,2026,5,1,62.5,37.5,1,84.89,150.13,203.12,273.77,176.62,2,7.5,27,27,26,0,0,0,0,0,0,0,2,Theater,4,0,1.43,0.0,0,7741.83,0,3,0,0,1,49.5,0.9
B-10035,Booked,SHRM Columbus Chapter,Staff Development Program,Corporate,Hybrid,Day Meeting Only,Corporate,Healthcare,Third-Party Planner,Low,2026-03-27,2026-04-19,8,2026-06-01,2026-06-04,3,66,45,125,92,1,Boardroom,1,0,6,0,206872.49,5,0.66,183.95,170.91,21363.79,3989.84,11790.95,37144.57,100,17091.03,4001.33,10422.21,31514.57,0.8,42.72,,2026,6,2,53.7,46.3,0,69.52,145.27,196.55,264.91,170.91,3,4.8,40,37,35,0,1,5,3,25,0,0,3,Banquet,4,1,1.95,3595.18,394.66,3537.29,3989.84,1,1,1,0,98.0,0.78
B-10036,Booked,Biotech Startup Summit,Holiday Celebration,SMERF,Virtual,Day Meeting Only,Social,Legal,Referral,Medium,2026-05-13,2026-06-05,19,2026-06-15,2026-06-18,3,33,55,146,102,1,Half Ballroom,0,1,10,1,105311.94,3,0.68,172.77,157.97,23063.58,4961.6,0,28025.19,95,15007.13,4528.65,0.0,19535.77,0.66,0,,2026,6,3,69.3,30.7,1,94.91,134.27,181.67,244.85,157.97,1,14.4,42,43,44,0,2,4,3,25,1,0,2,Boardroom,3,0,2.38,2665.19,2296.41,0.0,4961.6,0,1,1,1,34.9,0.92
B-10037,Booked,Dublin HR Collective,Anniversary Celebration,Social,In-person,Meeting + F&B,Social,Manufacturing,RFP,Low,2026-05-01,2026-05-28,14,2026-07-06,2026-07-09,3,66,32,94,69,1,Breakout Room,1,0,8,1,0.0,4,0.65,174.55,164.56,15468.39,3322.19,16860.04,35650.62,68,11189.9,3142.18,14510.1,28842.17,0.73,81.45,,2026,7,1,67.0,33.0,0,40.47,139.87,189.24,255.06,164.56,3,14.7,28,28,25,0,1,3,3,32,0,0,2,Theater,4,0,2.51,2408.05,914.14,5058.01,3322.19,3,1,1,0,90.8,0.59
B-10038,Booked,American Bankers Conference,Professional Development Forum,Association,Virtual,Rooms Only,Government,Manufacturing,Repeat Client,Medium,2026-04-13,2026-05-12,12,2026-07-20,2026-07-23,3,98,29,73,35,1,Breakout Room,0,0,15,1,196602.21,2,0.72,200.99,176.78,12904.74,2006.88,0,14911.62,68,12020.85,1820.07,0.0,13840.92,0.94,0,,2026,7,3,71.4,28.6,1,114.43,150.26,203.29,274.0,176.78,3,4.9,23,27,24,0,1,5,3,12,0,0,1,Reception,4,1,2.87,1238.92,767.96,0.0,2006.88,0,0,1,1,23.6,0.85
B-10039,Booked,Cardinal Health Learning Center,Staff Development Program,Corporate,Hybrid,Meeting + F&B,SMERF,Pharmaceutical,Website,Low,2026-04-14,2026-04-28,28,2026-07-27,2026-07-29,2,104,34,50,62,1,Boardroom,1,0,21,1,109592.67,5,0.69,163.74,135.79,6789.7,10714.57,9125.42,26629.7,35,4752.79,11158.93,8609.42,24521.14,0.72,73.59,,2026,7,1,51.5,48.5,0,91.54,115.42,156.16,210.48,135.79,1,2.5,30,29,0,0,3,8,2,39,0,0,3,Boardroom,2,1,1.18,8198.44,2516.13,2737.63,10714.57,5,1,0,1,13.2,0.72
B-10040,Booked,Midwestern Financial Group,Awards Banquet,SMERF,Hybrid,Day Meeting Only,Corporate,Finance,Website,Low,2026-05-01,2026-05-28,18,2026-08-10,2026-08-13,3,101,18,43,35,0,,1,0,10,1,190128.79,2,0.66,176.72,146.11,6282.87,0,4435.94,10718.81,39,5698.42,0.0,4092.86,9791.28,0.93,42.25,,2026,8,1,68.9,31.1,1,81.67,124.2,168.03,226.48,146.11,3,8.2,15,17,15,0,0,0,0,0,0,0,1,Reception,2,1,1.69,0.0,0,1330.78,0,3,0,0,0,80.9,0.72
B-10041,Booked,Retail CFO Council,Staff Development Program,Corporate,In-person,Meeting + F&B,Social,Government,Repeat Client,Medium,2026-06-22,2026-07-12,16,2026-08-17,2026-08-18,1,56,30,21,51,1,Boardroom,1,1,6,0,123984.13,4,0.61,166.49,154.09,3235.8,4581.38,2087.26,9904.44,16,2465.37,4159.22,2180.63,8805.22,0.8,40.93,,2026,8,1,74.3,25.7,1,110.72,130.97,177.2,238.83,154.09,1,4.8,29,0,0,0,4,5,1,32,0,0,2,Banquet,2,1,1.48,2912.3,1669.08,626.18,4581.38,2,1,0,1,91.5,0.77
B-10042,Booked,Public Health Professionals Assoc,Interagency Summit,Government,Hybrid,Meeting + F&B,Association,Manufacturing,Third-Party Planner,Medium,2026-05-19,2026-06-18,22,2026-08-24,2026-08-26,2,97,50,86,69,1,Full Ballroom,0,0,11,1,151457.44,3,0.64,184.69,161.72,13908.26,7983.12,0,21891.38,57,9218.26,8070.38,0.0,17288.64,0.67,0,,2026,8,2,61.7,38.3,1,67.76,137.47,185.98,250.67,161.72,2,7.7,40,39,0,0,3,5,2,35,1,0,3,Theater,4,1,2.83,5568.21,2414.91,0.0,7983.12,0,1,1,1,4.6,0.9
B-10043,Booked,Wedding – Liu/Bennett,Anniversary Celebration,Social,In-person,Meeting + F&B,Social,Pharmaceutical,Third-Party Planner,Medium,2026-08-06,2026-08-29,8,2026-09-07,2026-09-10,3,32,24,57,36,1,Half Ballroom,1,0,6,0,0.0,2,0.71,204.17,172.09,9808.87,18624.65,12436.51,40870.03,45,7743.85,18526.16,12708.6,38978.6,0.8,115.15,,2026,9,1,67.7,32.3,0,59.68,146.27,197.9,266.73,172.09,2,5.6,22,20,23,0,4,6,3,36,1,0,1,Classroom,1,1,1.02,14050.79,4573.86,3730.95,18624.65,5,1,1,0,50.2,0.83
B-10044,Booked,Wedding – Harmon/Park,Family Reunion,Social,In-person,Day Meeting Only,Association,Healthcare,Referral,Medium,2026-08-09,2026-09-05,17,2026-09-21,2026-09-23,2,43,26,37,45,1,Boardroom,1,0,21,0,0.0,5,0.76,199.89,187.74,6946.43,7997.02,11162.34,26105.79,31,5819.98,8170.11,11473.5,25463.59,0.85,124.03,,2026,9,2,56.8,43.2,0,101.6,159.58,215.9,291.0,187.74,2,13.5,19,20,0,0,2,6,2,8,0,0,2,Boardroom,1,0,2.17,7145.3,851.71,3348.7,7997.02,4,0,1,0,56.4,0.78
B-10045,Booked,Ohio Dental Association,Annual Conference,Association,In-person,Day Meeting Only,Corporate,Professional Services,Referral,High,2026-08-01,2026-08-16,11,2026-10-12,2026-10-14,2,72,49,81,106,1,Breakout Room,1,1,9,1,0.0,1,0.8,207.48,171.81,13916.43,16157.42,24861.78,54935.63,63,10823.89,14471.03,24014.28,49309.19,0.79,117.27,,2026,10,1,50.1,49.9,1,80.03,146.04,197.58,266.3,171.81,2,1.5,40,39,0,0,4,2,2,17,0,0,3,U-Shape,4,0,1.05,14051.91,2105.51,7458.53,16157.42,3,0,1,1,1.2,0.72
B-10046,Booked,Cardinal Health Learning Center,Family Reunion,Social,Hybrid,Day Meeting Only,Association,Finance,RFP,High,2026-08-26,2026-09-12,20,2026-10-26,2026-10-27,1,61,50,37,60,1,Breakout Room,1,0,14,1,182964.31,4,0.83,199.25,167.75,6206.62,8227.43,6641.67,21075.72,29,4864.65,8008.04,6225.62,19098.31,0.8,110.69,,2026,10,2,54.4,45.6,1,127.19,142.58,192.91,260.01,167.75,1,4.4,42,0,0,0,4,7,1,37,0,1,1,U-Shape,3,1,1.56,5982.93,2244.5,1992.5,8227.43,4,1,0,0,59.2,0.77
B-10047,Booked,Midwestern Financial Group,Awards Gala,Association,Virtual,Day Meeting Only,Government,Pharmaceutical,Repeat Client,Medium,2026-10-07,2026-10-17,14,2026-11-09,2026-11-12,3,33,50,143,99,1,Boardroom,1,1,10,0,171906.86,4,0.85,206.28,171.29,24494.43,8604.07,32699.65,65798.14,126,21582.5,7440.74,35878.39,64901.62,0.89,110.1,,2026,11,2,74.1,25.9,1,49.54,145.6,196.98,265.5,171.29,1,3.9,47,41,48,0,2,6,3,39,0,0,3,Theater,2,1,1.75,7720.02,884.04,9809.89,8604.07,4,0,1,0,48.3,0.67
B-10048,Booked,Marathon Classic Hospitality,Community Forum,SMERF,Hybrid,Rooms Only,SMERF,Legal,Repeat Client,High,2026-10-06,2026-10-25,27,2026-11-23,2026-11-24,1,48,22,19,27,1,Breakout Room,1,0,10,1,0.0,5,0.79,190.95,169.13,3213.54,1849.35,2781.99,7844.88,16,2706.14,1632.73,3046.76,7385.63,0.85,103.04,,2026,11,1,61.2,38.8,1,75.0,143.76,194.5,262.16,169.13,1,10.6,18,0,0,0,1,3,1,23,0,1,1,U-Shape,1,0,1.73,1534.26,315.09,834.6,1849.35,2,1,0,1,67.1,0.75
B-10049,Booked,Ohio Dental Association,Wedding Reception,Social,Hybrid,Day Meeting Only,Government,Professional Services,Referral,Medium,2026-08-17,2026-09-08,16,2026-12-01,2026-12-04,3,106,35,92,49,1,Breakout Room,0,0,10,1,166270.2,3,0.61,160.97,152.41,14022.15,4536.05,0,18558.2,63,9602.13,4194.31,0.0,13796.43,0.69,0,,2026,12,1,62.1,37.9,0,113.37,129.55,175.28,236.24,152.41,3,7.6,30,30,34,0,1,5,3,32,0,0,2,Classroom,4,1,1.33,4022.86,513.19,0.0,4536.05,0,0,0,1,3.3,0.64
B-10050,Booked,Cardinal Health Learning Center,Policy Roundtable,Government,In-person,Full Package,Social,Government,Direct Inquiry,Medium,2026-09-17,2026-09-29,26,2026-12-14,2026-12-16,2,88,25,43,42,1,Boardroom,1,0,11,0,155416.36,5,0.6,158.88,153.89,6617.42,7747.58,9566.87,23931.87,31,4770.7,8133.89,8944.25,21848.84,0.74,113.89,,2026,12,2,64.9,35.1,0,69.13,130.81,176.98,238.54,153.89,2,4.3,23,22,0,0,2,4,2,38,0,1,3,Classroom,1,0,2.93,7142.74,604.83,2870.06,7747.58,4,0,1,0,70.1,0.6
B-10051,Booked,Columbus Tech Alliance,Policy Roundtable,Government,In-person,Meeting + F&B,Association,Healthcare,Website,Low,2026-11-05,2026-11-27,15,2027-01-05,2027-01-06,1,61,35,29,46,1,Full Ballroom,1,1,14,1,58730.74,4,0.61,169.95,149.92,4347.64,6400.34,3392.61,14140.59,27,4047.8,5859.24,2716.61,12623.65,0.94,73.75,,2027,1,2,72.4,27.6,0,44.13,127.43,172.41,232.37,149.92,1,9.4,29,0,0,0,4,8,1,35,1,0,1,U-Shape,4,1,1.0,4487.44,1912.9,1017.78,6400.34,4,0,0,1,15.9,0.92
B-10052,Booked,State Manufacturing Guild,Awards Banquet,SMERF,Virtual,Day Meeting Only,Corporate,Government,Direct Inquiry,Low,2026-09-28,2026-10-08,17,2027-01-19,2027-01-21,2,113,20,36,41,1,Full Ballroom,0,1,14,0,0.0,2,0.58,164.07,142.06,5113.98,1479.85,0,6593.83,25,3551.38,1459.13,0.0,5010.5,0.72,0,,2027,1,3,74.8,25.2,0,46.16,120.75,163.36,220.19,142.06,1,9.2,17,16,0,0,1,3,2,34,1,0,1,Classroom,2,1,2.23,803.04,676.81,0.0,1479.85,0,1,0,0,89.7,0.61
B-10053,Booked,Marathon Classic Hospitality,Policy Roundtable,Government,Hybrid,Rooms Only,SMERF,Professional Services,RFP,Medium,2026-11-21,2026-12-14,7,2027-02-08,2027-02-09,1,79,52,40,67,1,Multi-Room,1,1,15,0,0.0,5,0.63,166.93,153.03,6121.02,7143.1,6976.88,20241.0,29,4437.74,6811.3,6647.97,17897.01,0.74,104.13,,2027,2,2,59.1,40.9,0,108.65,130.07,175.98,237.19,153.03,1,14.3,40,0,0,0,3,8,1,10,0,0,1,Reception,1,1,1.43,4471.67,2671.43,2093.06,7143.1,1,1,1,1,42.4,0.71
B-10054,Booked,Wedding – Okafor Family,Holiday Celebration,SMERF,In-person,Rooms Only,Corporate,Technology,RFP,Medium,2026-11-16,2026-11-28,18,2027-02-22,2027-02-25,3,98,49,120,79,1,Full Ballroom,1,0,13,0,36458.38,4,0.58,164.21,147.87,17744.04,15193.19,9735.99,42673.22,81,11977.23,14234.45,9113.0,35324.68,0.68,41.08,,2027,2,2,63.1,36.9,1,104.11,125.69,170.05,229.19,147.87,3,9.4,45,45,38,0,3,5,3,35,1,0,1,Theater,4,0,1.74,12403.32,2789.88,2920.8,15193.19,3,0,0,0,74.1,0.55
B-10055,Booked,Biotech Startup Summit,Holiday Celebration,SMERF,Hybrid,Full Package,Government,Technology,Third-Party Planner,High,2027-01-25,2027-02-11,9,2027-03-01,2027-03-02,1,35,30,21,36,1,Boardroom,1,1,5,1,0.0,5,0.83,207.91,200.44,4209.18,2933.56,2285.36,9428.09,14,2806.12,2712.26,2172.49,7690.86,0.67,63.48,,2027,3,2,68.5,31.5,0,81.75,170.37,230.5,310.68,200.44,1,8.9,29,0,0,0,2,5,1,18,0,1,3,Theater,2,0,1.01,1701.05,1232.51,685.61,2933.56,4,0,0,1,63.6,0.83
B-10056,Booked,Ohio Dental Association,Charity Fundraiser Gala,SMERF,Virtual,Full Package,Corporate,Finance,Website,Low,2027-02-13,2027-03-01,15,2027-03-15,2027-03-16,1,30,36,26,78,1,Full Ballroom,1,1,17,1,0.0,3,0.72,176.14,170.13,4423.43,4751.92,5780.71,14956.06,24,4083.16,4119.82,4790.32,12993.31,0.94,74.11,,2027,3,1,51.9,48.1,0,52.25,144.61,195.65,263.7,170.13,1,11.6,27,0,0,0,2,2,1,15,1,0,2,U-Shape,4,1,1.81,3312.4,1439.52,1734.21,4751.92,5,1,0,1,30.8,0.66
B-10057,Booked,Nationwide Insurance Training,Wedding Reception,Social,In-person,Rooms Only,Corporate,Legal,Direct Inquiry,Medium,2027-01-31,2027-02-13,19,2027-03-22,2027-03-23,1,50,20,18,40,1,Boardroom,1,1,7,1,46497.18,1,0.73,203.84,171.69,3090.39,1808.22,1530.54,6429.15,13,2231.95,1700.53,1567.93,5500.4,0.77,38.26,,2027,3,1,72.6,27.4,1,112.84,145.93,197.44,266.12,171.69,1,1.4,15,0,0,0,1,8,1,27,0,0,2,Theater,1,0,2.85,1348.06,460.17,459.16,1808.22,4,1,1,0,38.3,0.72
B-10058,Booked,IEEE Central Ohio,Holiday Celebration,SMERF,Hybrid,Meeting + F&B,Government,Manufacturing,Direct Inquiry,Low,2027-02-11,2027-02-26,12,2027-04-05,2027-04-07,2,53,28,46,29,1,Full Ballroom,0,0,15,0,0.0,3,0.83,189.6,163.86,7537.72,1920.61,0,9458.33,42,6882.27,1834.49,0.0,8716.76,0.92,0,,2027,4,1,70.2,29.8,1,87.65,139.28,188.44,253.99,163.86,1,14.6,26,23,0,0,1,2,2,21,1,0,2,U-Shape,1,0,2.15,1583.37,337.24,0.0,1920.61,0,1,1,0,17.6,0.79
B-10059,Booked,Real Estate Investors Alliance,Awards Banquet,SMERF,Hybrid,Rooms Only,Social,Government,Repeat Client,High,2027-01-18,2027-01-29,25,2027-05-03,2027-05-06,3,105,37,110,62,1,Boardroom,0,0,8,1,112189.97,4,0.78,189.91,161.09,17719.66,6525.91,0,24245.57,91,14658.99,5573.03,0.0,20232.02,0.83,0,,2027,5,3,52.5,47.5,1,69.03,136.92,185.25,249.69,161.09,1,11.0,29,35,35,0,3,5,3,37,0,0,1,Boardroom,3,0,2.33,5812.02,713.89,0.0,6525.91,0,0,1,1,73.4,0.67
B-10060,Booked,Cardinal Health Learning Center,Policy Roundtable,Government,In-person,Rooms Only,Social,Government,Referral,High,2027-02-15,2027-03-17,7,2027-06-14,2027-06-15,1,119,15,13,25,1,Half Ballroom,1,0,17,1,243202.4,4,0.61,195.42,166.72,2167.36,5644.43,1315.7,9127.49,11,1833.92,4897.93,1332.4,8064.24,0.92,52.63,,2027,6,2,72.0,28.0,1,89.14,141.71,191.73,258.42,166.72,1,1.5,11,0,0,0,3,5,1,20,1,0,1,Boardroom,1,1,1.04,4330.44,1313.99,394.71,5644.43,3,0,0,1,17.0,0.7
B-10061,Booked,Faith & Leadership Forum,Charity Fundraiser Gala,SMERF,In-person,Meeting + F&B,Social,Manufacturing,RFP,Medium,2027-03-13,2027-03-31,7,2027-06-21,2027-06-24,3,100,19,47,39,1,Multi-Room,0,1,7,1,167520.01,4,0.74,167.03,154.61,7266.9,8644.37,0,15911.28,33,5102.29,8553.08,0.0,13655.38,0.71,0,,2027,6,1,52.4,47.6,0,55.37,131.42,177.81,239.65,154.61,2,14.7,14,16,18,0,4,5,3,13,0,0,2,Theater,4,1,2.79,7439.34,1205.03,0.0,8644.37,0,1,0,1,18.5,0.9
B-10062,Booked,American Bankers Conference,Awards Banquet,SMERF,Virtual,Day Meeting Only,Government,Manufacturing,Referral,Low,2027-04-11,2027-04-21,21,2027-07-07,2027-07-09,2,87,26,46,33,0,,1,0,10,0,57760.92,4,0.67,176.67,164.8,7580.9,0,9036.99,16617.89,38,6262.48,0.0,9509.07,15771.55,0.83,136.92,,2027,7,1,74.7,25.3,1,58.17,140.08,189.52,255.44,164.8,1,12.5,22,20,0,0,0,0,0,0,0,0,3,Classroom,1,0,1.78,0.0,0,2711.1,0,4,1,1,1,91.7,0.55
B-10063,Booked,Midwest Sales Leaders Forum,Policy Roundtable,Government,In-person,Day Meeting Only,Corporate,Pharmaceutical,Direct Inquiry,High,2027-04-07,2027-04-15,30,2027-07-21,2027-07-24,3,105,54,150,63,1,Full Ballroom,1,1,13,1,0.0,3,0.66,179.83,163.32,24498.56,5567.61,24036.8,54102.96,109,17802.29,5461.59,23354.32,46618.19,0.73,127.18,,2027,7,2,57.0,43.0,1,117.24,138.83,187.82,253.15,163.32,3,1.5,48,49,41,0,1,8,3,20,1,0,3,U-Shape,4,1,1.54,4500.13,1067.48,7211.04,5567.61,4,0,0,1,21.1,0.88
B-10064,Booked,State Manufacturing Guild,Regional Manager Training,Corporate,Virtual,Day Meeting Only,Social,Legal,RFP,Medium,2027-04-28,2027-05-24,21,2027-08-02,2027-08-05,3,96,46,118,49,1,Half Ballroom,0,0,20,1,0.0,3,0.71,174.96,163.95,19345.86,10552.97,0,29898.83,77,12623.99,9076.73,0.0,21700.73,0.66,0,,2027,8,3,70.8,29.2,0,65.66,139.36,188.54,254.12,163.95,2,0.7,41,35,34,0,2,8,3,19,1,1,3,Reception,2,0,1.54,9751.52,801.45,0.0,10552.97,0,1,0,0,47.4,0.6
B-10065,Booked,Verizon Enterprise Team,Awards Banquet,SMERF,Hybrid,Meeting + F&B,Social,Government,Repeat Client,Medium,2027-07-18,2027-08-02,27,2027-08-18,2027-08-19,1,31,53,47,72,1,Boardroom,1,1,13,1,239481.32,3,0.71,169.13,163.22,7671.32,4382.42,6456.02,18509.77,39,6365.57,4237.35,5179.05,15781.97,0.84,89.67,,2027,8,1,53.7,46.3,0,120.97,138.74,187.7,252.99,163.22,1,12.1,41,0,0,0,3,8,1,31,0,0,3,Boardroom,2,0,2.31,3127.79,1254.63,1936.81,4382.42,3,1,1,1,38.8,0.56
B-10066,Booked,Vertex Pharmaceuticals,Regional Chapter Meeting,Association,In-person,Meeting + F&B,Social,Government,Website,High,2027-07-09,2027-08-03,16,2027-09-01,2027-09-04,3,54,51,114,80,1,Multi-Room,1,1,8,1,0.0,5,0.82,207.02,179.08,20414.97,6209.35,26674.7,53299.03,93,16654.32,6411.31,28917.43,51983.06,0.82,111.14,,2027,9,3,73.6,26.4,0,82.5,152.22,205.94,277.57,179.08,1,7.5,49,43,49,0,2,8,3,30,0,0,2,Boardroom,1,0,1.27,4867.79,1341.56,8002.41,6209.35,2,1,1,1,14.3,0.89
B-10067,Booked,Vertex Pharmaceuticals,Regional Chapter Meeting,Association,Virtual,Rooms Only,SMERF,Pharmaceutical,Referral,High,2027-07-13,2027-07-20,28,2027-10-13,2027-10-14,1,92,20,18,20,1,Half Ballroom,0,0,12,0,105756.95,2,0.82,197.25,169.84,3057.15,9916.19,0,12973.34,14,2377.79,9280.38,0.0,11658.17,0.78,0,,2027,10,1,59.6,40.4,1,55.03,144.37,195.32,263.25,169.84,1,12.4,19,0,0,0,4,4,1,24,1,0,3,Banquet,3,1,2.78,5997.18,3919.01,0.0,9916.19,0,0,1,1,35.9,0.63
B-10068,Booked,Verizon Enterprise Team,Annual Conference,Association,Hybrid,Meeting + F&B,Association,Pharmaceutical,Referral,High,2027-08-29,2027-09-18,28,2027-10-27,2027-10-29,2,59,16,22,27,1,Breakout Room,0,0,21,1,184159.8,4,0.84,203.73,186.93,4112.57,2710.95,0,6823.52,19,3551.76,2330.46,0.0,5882.22,0.9,0,,2027,10,1,62.8,37.2,0,65.44,158.89,214.98,289.75,186.93,1,7.5,12,14,0,0,1,6,2,18,0,1,3,Boardroom,2,1,2.41,2462.99,247.96,0.0,2710.95,0,1,0,0,54.8,0.91
B-10069,Booked,Cybersecurity Professionals Network,Strategic Planning Retreat,Corporate,In-person,Full Package,Corporate,Education,RFP,Medium,2027-08-30,2027-09-09,8,2027-11-10,2027-11-13,3,72,45,121,93,0,,1,0,9,0,0.0,4,0.83,206.68,195.37,23639.48,0,30961.8,54601.28,82,16020.15,0.0,26916.58,42936.72,0.68,110.97,,2027,11,3,56.7,43.3,0,73.54,166.06,224.67,302.82,195.37,2,2.7,43,37,41,0,0,0,0,0,0,0,2,Theater,3,1,2.38,0.0,0,9288.54,0,4,1,0,0,13.3,0.84
B-10070,Booked,Biotech Startup Summit,Anniversary Celebration,Social,Virtual,Rooms Only,Government,Manufacturing,Website,Medium,2027-09-09,2027-09-29,28,2027-12-01,2027-12-02,1,83,21,19,30,1,Half Ballroom,1,0,20,1,171108.98,2,0.56,158.78,146.5,2783.53,8005.98,1194.81,11984.32,13,1904.52,7308.24,1208.4,10421.16,0.73,39.83,,2027,12,3,72.3,27.7,0,41.05,124.53,168.48,227.08,146.5,1,14.0,18,0,0,0,4,6,1,36,1,1,1,Banquet,1,1,1.64,6754.23,1251.75,358.44,8005.98,3,1,0,0,55.0,0.7
B-10071,Booked,Greater Columbus Chamber,Wedding Reception,Social,Hybrid,Day Meeting Only,Government,Manufacturing,Repeat Client,High,2027-09-18,2027-10-05,24,2027-12-15,2027-12-16,1,88,20,19,31,1,Full Ballroom,1,1,16,1,0.0,2,0.55,161.5,140.09,2661.67,1200.65,3773.33,7635.65,16,2241.41,1251.84,3740.36,7233.6,0.89,121.72,,2027,12,1,58.5,41.5,1,89.29,119.07,161.1,217.14,140.09,1,5.6,19,0,0,0,1,2,1,8,1,1,2,Banquet,2,1,1.21,964.82,235.83,1132.0,1200.65,5,0,0,0,93.0,0.71
